{
    "MAXIMIZE_SECTION": {
        "str1": "Optimisez chaque chargement",
        "str2": "Simplifiez vos opérations de transport : itinéraires plus intelligents, chargements complets et revenus plus rapides avec FretBay.",
        "str3": "Économisez de l’espace"
    },
    "PAYMENTS_SECTION": {
        "HEADER": {
            "str1": "Paiements rapides et sécurisés",
            "str2": "Profitez de dépôts standard ACH sans frais et d'options de paiement rapide pour des virements quasi instantanés. Recevez vos paiements en toute sécurité, sans retard, directement sur votre compte après chaque livraison effectuée."
        },
        "CARD_STRIPE": {
            "str1": "Paiement instantané sécurisé",
            "str2": "Pour des transactions instantanées et fiables, FretBay utilise Stripe, l'une des passerelles de paiement en ligne les plus fiables au monde."
        },
        "CARD_FLOA": {
            "str1": "Payer plus tard ou en plusieurs fois",
            "str2": "Floa vous permet de finaliser votre réservation et de payer facilement en 3 ou 4 versements. Paiements différés pour confirmer votre transporteur dès maintenant et régler plus tard."
        }
    },
    "GROUPAGE_SECTION": {
        "INTRO": {
            "str1": "Gagnez de l’espace avec le groupage de chargements",
            "str2": "Optimisez chaque trajet, maximisez chaque chargement"
        },
        "BENEFITS_CARD": {
            "str1": "Avantages du groupage de chargements",
            "str2": "Moins de kilomètres à vide : regroupez plusieurs livraisons en un seul trajet.",
            "str3": "Plus de profits : remplissez l’espace inutilisé de vos camions et gagnez plus par kilomètre.",
            "str4": "Transport écologique : ",
            "str5": "réduisez les émissions de CO₂ grâce à la",
            "str6": " logistique partagée.",
            "str7": "Planning flexible : choisissez les itinéraires les plus efficaces selon la taille et la capacité de votre véhicule.",
            "str8": "Commencez à économiser de l’espace"
        }
    },
    "PLATFORM_NEEDS_SECTION": {
        "HEADER": {
            "str1": "Une seule plateforme. Tous vos besoins.",
            "str2": "Des livraisons personnelles à la logistique professionnelle — FretBay connecte expéditeurs et transporteurs via un système simple, sécurisé et éco-responsable."
        },
        "cards": [
            {
                "id": "individual_sender",
                "str1": "Je suis un expéditeur particulier",
                "str2": "Publiez votre annonce en quelques minutes, recevez des devis de transporteurs vérifiés et choisissez la meilleure offre.",
                "str3": "Post My Listing"
            },
            {
                "id": "business_sender",
                "str1": "Je suis un expéditeur professionnel",
                "str2": "Transport écologique : réduisez les émissions de CO₂ grâce à la logistique partagée.",
                "str3": "Start Sending"
            },
            {
                "id": "mover",
                "str1": "Je suis un déménageur",
                "str2": "Planning flexible : choisissez les itinéraires les plus efficaces selon la taille et la capacité de votre véhicule.",
                "str3": "Find Shipments"
            },
            {
                "id": "transporter",
                "str1": "Je suis un transporteur professionnel",
                "str2": "Développez votre activité avec la marketplace de FretBay. Accédez à des milliers de demandes d’expédition vérifiées et construisez des relations clients durables.",
                "str3": "Join the FretBay"
            }
        ]
    }
}
